K,L,R,Rstitched,a,UserTime,ElapsedTime
100,150,10,-1,1.2,258.109375,344.71
100,150,20,-1,1.2,363.93750,475.743
100,150,30,-1,1.2,464.609375,646.18
100,150,40,-1,1.2,535.78125,800.549
100,150,50,-1,1.2,603.671875,911.643
100,150,60,-1,1.2,665.62500,1034.96
100,150,70,-1,1.2,712.640625,1029.84
100,150,80,-1,1.2,741.781250,1001.99
100,150,90,-1,1.2,672.93750,916.548
100,150,100,-1,1.2,665.921875,850.051
100,150,110,-1,1.2,632.812500,785.643
