K,L,R,Rstitched,a,UserTime,ElapsedTime
20,20,40,-1,1.2,58.578125,73.3115
40,40,40,-1,1.2,113.218750,195.697
50,50,40,-1,1.2,143.546875,265.043
70,70,40,-1,1.2,242.515625,393.909
100,100,40,-1,1.2,322.750000,537.495
100,120,40,-1,1.2,385.859375,627.858
100,150,40,-1,1.2,507.828125,779.403
100,200,40,-1,1.2,770.781250,1104.71
