K,L,R,Rstitched,a,UserTime,ElapsedTime
100,150,10,-1,1.2,479.578125,486.626
100,150,20,-1,1.2,563.609375,570.995
100,150,30,-1,1.2,655.828125,674.439
100,150,40,-1,1.2,776.437500,784.79
100,150,50,-1,1.2,882.468750,903.087
100,150,60,-1,1.2,948.765625,984.39
100,150,70,-1,1.2,979.750000,1016.97
100,150,80,-1,1.2,981.531250,996.195
100,150,90,-1,1.2,997.234375,1015.8
100,150,100,-1,1.2,900.203125,912.601
100,150,110,-1,1.2,868.171875,891.579
