K,L,R,Rstitched,a,UserTime,ElapsedTime
100,150,42,10,1.2,641.109375,349.174
100,150,42,20,1.2,660.640625,338.039
100,150,42,30,1.2,637.125000,314.819
100,150,42,40,1.2,700.187500,340.407
100,150,42,50,1.2,615.343750,312.169
100,150,42,60,1.2,717.359375,339.779
100,150,42,70,1.2,608.875000,308.857
100,150,42,80,1.2,623.578125,351.613
100,150,42,90,1.2,624.718750,332.792
100,150,42,100,1.2,623.62500,312.124
100,150,42,110,1.2,627.31250,310.387100
