K,L,R,Rstitched,a,UserTime,ElapsedTime
100,150,10,96,1.2,324.250000,159.911
100,150,20,96,1.2,408.796875,200.482
100,150,30,96,1.2,480.218750,241.755
100,150,40,96,1.2,610.750000,290.93
100,150,50,96,1.2,697.437500,351.709
100,150,60,96,1.2,809.109375,411.35
100,150,70,96,1.2,831.562500,453.564
100,150,90,96,1.2,806.171875,459.168
100,150,100,96,1.2,831.171875,449.637
100,150,110,96,1.2,770.140625,427.611
