K,L,R,Rstitched,a,UserTime,ElapsedTime
20,20,42,96,1.2,92.343750,44.2499
40,40,42,96,1.2,187.937500,89.5652
50,50,42,96,1.2,233.156250,110.869
70,70,42,96,1.2,324.859375,147.536
100,100,42,96,1.2,472.328125,205.775
100,120,42,96,1.2,563.562500,245.331
100,150,42,96,1.2,762.203125,328.429
100,200,42,96,1.2,1118.875000,490.736
