K,L,R,Rstitched,a,UserTime,ElapsedTime
20,20,42,-1,1.2,69.562500,73.5322
40,40,42,-1,1.2,140.343750,165.728
50,50,42,-1,1.2,182.406250,220.787
70,70,42,-1,1.2,284.359375,338.414
100,100,42,-1,1.2,426.781250,523.088
100,120,42,-1,1.2,517.765625,654.35
100,150,42,-1,1.2,837.640625,881.493
100,200,42,-1,1.2,1071.296875,1401.78
