K,L,R,Rstitched,a,Recall,UserTime,ElapsedTime
20,20,40,-1,1.2,94,5.437500,2.47239
40,40,40,-1,1.2,97.475,10.843750,3.95462
50,50,40,-1,1.2,97.78,13.578125,4.13536
70,70,40,-1,1.2,98.3286,19.906250,4.66169
100,100,40,-1,1.2,98.7,32.187500,5.99273
100,120,40,-1,1.2,99.02,41.31250,6.77343
100,150,40,-1,1.2,99.36,59.343750,8.87636
100,200,40,-1,1.2,99.74,85.703125,10.4079
