K,L,R,Rstitched,a,Recall,UserTime,ElapsedTime
20,20,42,96,1.2,93.4,5.593750,2.88576
40,40,42,96,1.2,97.475,10.453125,3.8354
50,50,42,96,1.2,97.7,12.953125,3.88062
70,70,42,96,1.2,98.2,19.390625,4.56201
100,100,42,96,1.2,98.79,31.703125,6.05009
100,120,42,96,1.2,99.16,40.937500,6.37774
100,150,42,96,1.2,99.48,57.671875,7.82564
100,200,42,96,1.2,99.79,83.484375,9.5845
