K,L,R,Rstitched,a,Recall,UserTime,ElapsedTime
100,20,40,-1,1.2,0,,2.33626
100,40,40,-1,1.2,0,,3.19359
100,50,40,-1,1.2,0,,3.78624
100,70,40,-1,1.2,0,,4.3363
100,20,40,-1,1.2,0,,2.35873
